,CA,Cred,OP,OF,Conf99,N99,PIS99,ACDS99,Conf999,N999,PIS999,ACDS999,Conf95,N95,PIS95,ACDS95
0,0.06666666666666667,0.9706140350877187,0.5644736842105261,19.485526315789468,0.9166666666666666,38.65,1.0,-1.0,0.9166666666666666,38.65,1.0,-1.0,0.9166666666666666,37.233333333333334,1.0,-1.0
1,0.7203244934421581,0.1862602113776709,0.6852195003967595,0.41730480236712697,0.9682615757193975,0.08504421136977791,0.42110762500505217,0.6865009276815837,0.7481656543798394,0.9085955030930956,0.678835532939891,0.5741176054920131,0.4140559878195683,0.6637946452197888,0.13747470414623753,0.9275085803960339
2,0.00011437481734488664,0.34556072704304774,0.20445224973151743,0.5586898284457517,0.31342417815924284,0.03905478323288236,0.9578895301505019,0.8346256718973729,0.2804439920644052,0.2936141483736795,0.21162811600005904,0.14672857490581015,0.6944001577277451,0.5148891120583086,0.13927634725075855,0.34776585974550656
3,0.30233257263183977,0.39676747423066994,0.8781174363909454,0.14038693859523377,0.6923226156693141,0.1698304195645689,0.5331652849730171,0.018288277344191806,0.7892793284514885,0.28777533858634874,0.2655466593722262,0.5893055369032842,0.41417926952690265,0.9445947559908133,0.8073912887095238,0.7508121031361555
4,0.14675589081711304,0.538816734003357,0.027387593197926163,0.1981014890848788,0.8763891522960383,0.8781425034294131,0.6918771139504734,0.7501443149449675,0.10322600657764203,0.13002857211827767,0.4915731592803383,0.6997583600209312,0.04995345894608716,0.5865550405019929,0.3976768369855336,0.7259979853504515
